[
  { "name": "DecreaseIndentLegacy" },
  { "name": "IncreaseIndentLegacy" },
  { "name": "GlobalNavButton" },
  { "name": "InternetSharing" },
  { "name": "Brightness" },
  { "name": "MapPin" },
  { "name": "Airplane" },
  { "name": "Tablet" },
  { "name": "QuickNote" },
  { "name": "ChevronDown" },
  { "name": "ChevronUp" },
  { "name": "Edit" },
  { "name": "Add" },
  { "name": "Cancel" },
  { "name": "More" },
  { "name": "Settings" },
  { "name": "Video" },
  { "name": "Mail" },
  { "name": "People" },
  { "name": "Phone" },
  { "name": "Pin" },
  { "name": "Shop" },
  { "name": "Link" },
  { "name": "Filter" },
  { "name": "Zoom" },
  { "name": "ZoomOut" },
  { "name": "Microphone" },
  { "name": "Search" },
  { "name": "Camera" },
  { "name": "Attach" },
  { "name": "Send" },
  { "name": "FavoriteList" },
  { "name": "PageSolid" },
  { "name": "Forward" },
  { "name": "Back" },
  { "name": "Refresh" },
  { "name": "Share" },
  { "name": "Lock" },
  { "name": "EMI" },
  { "name": "MiniLink" },
  { "name": "Blocked" },
  { "name": "FavoriteStar" },
  { "name": "FavoriteStarFill" },
  { "name": "ReadingMode" },
  { "name": "Remove" },
  { "name": "Checkbox" },
  { "name": "CheckboxComposite" },
  { "name": "CheckboxIndeterminate" },
  { "name": "CheckMark" },
  { "name": "BackToWindow" },
  { "name": "FullScreen" },
  { "name": "Print" },
  { "name": "Up" },
  { "name": "Down" },
  { "name": "Delete" },
  { "name": "Save" },
  { "name": "Sad" },
  { "name": "SIPMove" },
  { "name": "EraseTool" },
  { "name": "GripperTool" },
  { "name": "Dialpad" },
  { "name": "PageLeft" },
  { "name": "PageRight" },
  { "name": "MultiSelect" },
  { "name": "Play" },
  { "name": "Pause" },
  { "name": "ChevronLeft" },
  { "name": "ChevronRight" },
  { "name": "Emoji2" },
  { "name": "System" },
  { "name": "Globe" },
  { "name": "ContactInfo" },
  { "name": "Unpin" },
  { "name": "Contact" },
  { "name": "Memo" },
  { "name": "WindowsLogo" },
  { "name": "Error" },
  { "name": "Unlock" },
  { "name": "Calendar" },
  { "name": "Megaphone" },
  { "name": "AutoEnhanceOn" },
  { "name": "AutoEnhanceOff" },
  { "name": "Color" },
  { "name": "SaveAs" },
  { "name": "Light" },
  { "name": "Filters" },
  { "name": "Contrast" },
  { "name": "Redo" },
  { "name": "Undo" },
  { "name": "PhotoCollection" },
  { "name": "Album" },
  { "name": "Rotate" },
  { "name": "PanoIndicator" },
  { "name": "RedEye" },
  { "name": "ThumbnailView" },
  { "name": "Package" },
  { "name": "Warning" },
  { "name": "Financial" },
  { "name": "ShoppingCart" },
  { "name": "Train" },
  { "name": "Flag" },
  { "name": "Move" },
  { "name": "Page" },
  { "name": "TouchPointer" },
  { "name": "Merge" },
  { "name": "TurnRight" },
  { "name": "Ferry" },
  { "name": "Tab" },
  { "name": "Admin" },
  { "name": "TVMonitor" },
  { "name": "Speakers" },
  { "name": "Nav2DMapView" },
  { "name": "Car" },
  { "name": "EatDrink" },
  { "name": "LocationCircle" },
  { "name": "Home" },
  { "name": "SwitcherStartEnd" },
  { "name": "IncidentTriangle" },
  { "name": "Touch" },
  { "name": "MapDirections" },
  { "name": "History" },
  { "name": "Location" },
  { "name": "Work" },
  { "name": "Recent" },
  { "name": "Hotel" },
  { "name": "LocationDot" },
  { "name": "News" },
  { "name": "Chat" },
  { "name": "Group" },
  { "name": "View" },
  { "name": "Clear" },
  { "name": "Sync" },
  { "name": "Download" },
  { "name": "Help" },
  { "name": "Upload" },
  { "name": "Emoji" },
  { "name": "MailForward" },
  { "name": "ClosePane" },
  { "name": "OpenPane" },
  { "name": "PreviewLink" },
  { "name": "ZoomIn" },
  { "name": "Bookmarks" },
  { "name": "Document" },
  { "name": "ProtectedDocument" },
  { "name": "OpenInNewWindow" },
  { "name": "MailFill" },
  { "name": "ViewAll" },
  { "name": "Switch" },
  { "name": "Rename" },
  { "name": "Folder" },
  { "name": "Picture" },
  { "name": "ShowResults" },
  { "name": "Message" },
  { "name": "CalendarDay" },
  { "name": "CalendarWeek" },
  { "name": "MailReplyAll" },
  { "name": "Read" },
  { "name": "PaymentCard" },
  { "name": "Copy" },
  { "name": "Important" },
  { "name": "MailReply" },
  { "name": "Sort" },
  { "name": "GotoToday" },
  { "name": "Font" },
  { "name": "FontColor" },
  { "name": "FolderFill" },
  { "name": "Permissions" },
  { "name": "DisableUpdates" },
  { "name": "Unfavorite" },
  { "name": "Italic" },
  { "name": "Underline" },
  { "name": "Bold" },
  { "name": "MoveToFolder" },
  { "name": "Dislike" },
  { "name": "Like" },
  { "name": "AlignRight" },
  { "name": "AlignCenter" },
  { "name": "AlignLeft" },
  { "name": "OpenFile" },
  { "name": "FontDecrease" },
  { "name": "FontIncrease" },
  { "name": "FontSize" },
  { "name": "CellPhone" },
  { "name": "Tag" },
  { "name": "Library" },
  { "name": "PostUpdate" },
  { "name": "NewFolder" },
  { "name": "CalendarReply" },
  { "name": "UnsyncFolder" },
  { "name": "SyncFolder" },
  { "name": "BlockContact" },
  { "name": "AddFriend" },
  { "name": "BulletedList" },
  { "name": "Preview" },
  { "name": "DockLeft" },
  { "name": "DockRight" },
  { "name": "Repair" },
  { "name": "Accounts" },
  { "name": "RadioBullet" },
  { "name": "Stopwatch" },
  { "name": "Clock" },
  { "name": "WorldClock" },
  { "name": "AlarmClock" },
  { "name": "Hospital" },
  { "name": "Timer" },
  { "name": "FullCircleMask" },
  { "name": "LocationFill" },
  { "name": "ChromeMinimize" },
  { "name": "Annotation" },
  { "name": "ChromeClose" },
  { "name": "Accept" },
  { "name": "Fingerprint" },
  { "name": "Handwriting" },
  { "name": "StackIndicator" },
  { "name": "Completed" },
  { "name": "Label" },
  { "name": "FlickDown" },
  { "name": "FlickUp" },
  { "name": "FlickLeft" },
  { "name": "FlickRight" },
  { "name": "MusicInCollection" },
  { "name": "OneDrive" },
  { "name": "CompassNW" },
  { "name": "Code" },
  { "name": "LightningBolt" },
  { "name": "Info" },
  { "name": "CalculatorAddition" },
  { "name": "CalculatorSubtract" },
  { "name": "PrintfaxPrinterFile" },
  { "name": "Headset" },
  { "name": "Health" },
  { "name": "ChevronUpSmall" },
  { "name": "ChevronDownSmall" },
  { "name": "ChevronLeftSmall" },
  { "name": "ChevronRightSmall" },
  { "name": "ChevronUpMed" },
  { "name": "ChevronDownMed" },
  { "name": "ChevronLeftMed" },
  { "name": "ChevronRightMed" },
  { "name": "Dictionary" },
  { "name": "ChromeBack" },
  { "name": "PC1" },
  { "name": "PresenceChickletVideo" },
  { "name": "Reply" },
  { "name": "DoubleChevronLeftMed" },
  { "name": "Volume0" },
  { "name": "Volume1" },
  { "name": "Volume2" },
  { "name": "Volume3" },
  { "name": "CaretHollow" },
  { "name": "CaretSolid" },
  { "name": "FolderOpen" },
  { "name": "Pinned" },
  { "name": "PinnedFill" },
  { "name": "Chart" },
  { "name": "BidiLtr" },
  { "name": "BidiRtl" },
  { "name": "RevToggleKey" },
  { "name": "RightDoubleQuote" },
  { "name": "Sunny" },
  { "name": "CloudWeather" },
  { "name": "Cloudy" },
  { "name": "PartlyCloudyDay" },
  { "name": "PartlyCloudyNight" },
  { "name": "ClearNight" },
  { "name": "RainShowersDay" },
  { "name": "Rain" },
  { "name": "Thunderstorms" },
  { "name": "RainSnow" },
  { "name": "Snow" },
  { "name": "BlowingSnow" },
  { "name": "Frigid" },
  { "name": "Fog" },
  { "name": "Squalls" },
  { "name": "Duststorm" },
  { "name": "Precipitation" },
  { "name": "Ringer" },
  { "name": "PDF" },
  { "name": "SortLines" },
  { "name": "Ribbon" },
  { "name": "CheckList" },
  { "name": "Generate" },
  { "name": "Equalizer" },
  { "name": "BarChartHorizontal" },
  { "name": "Freezing" },
  { "name": "SnowShowerDay" },
  { "name": "HailDay" },
  { "name": "WorkFlow" },
  { "name": "StoreLogoMed" },
  { "name": "RainShowersNight" },
  { "name": "SnowShowerNight" },
  { "name": "HailNight" },
  { "name": "Info2" },
  { "name": "StoreLogo" },
  { "name": "MultiSelectMirrored" },
  { "name": "Broom" },
  { "name": "MusicInCollectionFill" },
  { "name": "List" },
  { "name": "Asterisk" },
  { "name": "ErrorBadge" },
  { "name": "CircleRing" },
  { "name": "CircleFill" },
  { "name": "BookmarksMirrored" },
  { "name": "BulletedListMirrored" },
  { "name": "CaretHollowMirrored" },
  { "name": "CaretSolidMirrored" },
  { "name": "ChromeBackMirrored" },
  { "name": "ClosePaneMirrored" },
  { "name": "DockLeftMirrored" },
  { "name": "DoubleChevronLeftMedMirrored" },
  { "name": "HelpMirrored" },
  { "name": "ListMirrored" },
  { "name": "MailForwardMirrored" },
  { "name": "MailReplyMirrored" },
  { "name": "MailReplyAllMirrored" },
  { "name": "OpenPaneMirrored" },
  { "name": "SendMirrored" },
  { "name": "ShowResultsMirrored" },
  { "name": "ThumbnailViewMirrored" },
  { "name": "Devices3" },
  { "name": "Lightbulb" },
  { "name": "StatusTriangle" },
  { "name": "VolumeDisabled" },
  { "name": "Puzzle" },
  { "name": "EmojiNeutral" },
  { "name": "EmojiDisappointed" },
  { "name": "HomeSolid" },
  { "name": "Cocktails" },
  { "name": "Articles" },
  { "name": "Cycling" },
  { "name": "DietPlanNotebook" },
  { "name": "Pill" },
  { "name": "Running" },
  { "name": "Weights" },
  { "name": "BarChart4" },
  { "name": "CirclePlus" },
  { "name": "Coffee" },
  { "name": "Cotton" },
  { "name": "Market" },
  { "name": "Money" },
  { "name": "PieDouble" },
  { "name": "RemoveFilter" },
  { "name": "StockDown" },
  { "name": "StockUp" },
  { "name": "Cricket" },
  { "name": "Golf" },
  { "name": "Baseball" },
  { "name": "Soccer" },
  { "name": "MoreSports" },
  { "name": "AutoRacing" },
  { "name": "CollegeHoops" },
  { "name": "CollegeFootball" },
  { "name": "ProFootball" },
  { "name": "ProHockey" },
  { "name": "Rugby" },
  { "name": "Tennis" },
  { "name": "Arrivals" },
  { "name": "Design" },
  { "name": "Website" },
  { "name": "Drop" },
  { "name": "Snowflake" },
  { "name": "BusSolid" },
  { "name": "FerrySolid" },
  { "name": "TrainSolid" },
  { "name": "Heart" },
  { "name": "HeartFill" },
  { "name": "Ticket" },
  { "name": "Devices4" },
  { "name": "AzureLogo" },
  { "name": "BingLogo" },
  { "name": "MSNLogo" },
  { "name": "OutlookLogo" },
  { "name": "OfficeLogo" },
  { "name": "SkypeLogo" },
  { "name": "Door" },
  { "name": "EditMirrored" },
  { "name": "GiftCard" },
  { "name": "DoubleBookmark" },
  { "name": "StatusErrorFull" },
  { "name": "Certificate" },
  { "name": "Photo2" },
  { "name": "CloudDownload" },
  { "name": "WindDirection" },
  { "name": "Family" },
  { "name": "CSS" },
  { "name": "JS" },
  { "name": "ReminderGroup" },
  { "name": "Section" },
  { "name": "OneNoteLogo" },
  { "name": "ToggleFilled" },
  { "name": "ToggleBorder" },
  { "name": "SliderThumb" },
  { "name": "ToggleThumb" },
  { "name": "Documentation" },
  { "name": "Badge" },
  { "name": "Giftbox" },
  { "name": "ExcelLogo" },
  { "name": "WordLogo" },
  { "name": "PowerPointLogo" },
  { "name": "Cafe" },
  { "name": "SpeedHigh" },
  { "name": "MusicNote" },
  { "name": "EdgeLogo" },
  { "name": "CompletedSolid" },
  { "name": "AlbumRemove" },
  { "name": "MessageFill" },
  { "name": "TabletSelected" },
  { "name": "MobileSelected" },
  { "name": "LaptopSelected" },
  { "name": "TVMonitorSelected" },
  { "name": "DeveloperTools" },
  { "name": "InsertTextBox" },
  { "name": "LowerBrightness" },
  { "name": "CloudUpload" },
  { "name": "DateTime" },
  { "name": "Event" },
  { "name": "Cake" },
  { "name": "Tiles" },
  { "name": "Org" },
  { "name": "PartyLeader" },
  { "name": "DRM" },
  { "name": "CloudAdd" },
  { "name": "AppIconDefault" },
  { "name": "Photo2Add" },
  { "name": "Photo2Remove" },
  { "name": "POI" },
  { "name": "FacebookLogo" },
  { "name": "AddTo" },
  { "name": "RadioBtnOn" },
  { "name": "Embed" },
  { "name": "VideoSolid" },
  { "name": "Teamwork" },
  { "name": "PeopleAdd" },
  { "name": "Glasses" },
  { "name": "DateTime2" },
  { "name": "Shield" },
  { "name": "Header1" },
  { "name": "PageAdd" },
  { "name": "NumberedList" },
  { "name": "PowerBILogo" },
  { "name": "Product" },
  { "name": "Blocked2" },
  { "name": "FangBody" },
  { "name": "Glimmer" },
  { "name": "ChatInviteFriend" },
  { "name": "SharepointLogo" },
  { "name": "YammerLogo" },
  { "name": "Hide" },
  { "name": "ReturnToSession" },
  { "name": "OpenFolderHorizontal" },
  { "name": "CalendarMirrored" },
  { "name": "SwayLogo" },
  { "name": "OutOfOffice" },
  { "name": "Trophy" },
  { "name": "ReopenPages" },
  { "name": "AADLogo" },
  { "name": "AccessLogo" },
  { "name": "AdminALogo" },
  { "name": "AdminCLogo" },
  { "name": "AdminDLogo" },
  { "name": "AdminELogo" },
  { "name": "AdminLLogo" },
  { "name": "AdminMLogo" },
  { "name": "AdminOLogo" },
  { "name": "AdminPLogo" },
  { "name": "AdminSLogo" },
  { "name": "AdminYLogo" },
  { "name": "BoxLogo" },
  { "name": "DelveLogo" },
  { "name": "DropboxLogo" },
  { "name": "ExchangeLogo" },
  { "name": "LyncLogo" },
  { "name": "OfficeVideoLogo" },
  { "name": "ParatureLogo" },
  { "name": "SocialListeningLogo" },
  { "name": "VisioLogo" },
  { "name": "Balloons" },
  { "name": "Cat" },
  { "name": "MailAlert" },
  { "name": "MailCheck" },
  { "name": "MailLowImportance" },
  { "name": "MailPause" },
  { "name": "MailRepeat" },
  { "name": "SecurityGroup" },
  { "name": "Table" },
  { "name": "VoicemailForward" },
  { "name": "VoicemailReply" },
  { "name": "Waffle" },
  { "name": "RemoveEvent" },
  { "name": "EventInfo" },
  { "name": "ForwardEvent" },
  { "name": "WipePhone" },
  { "name": "AddOnlineMeeting" },
  { "name": "JoinOnlineMeeting" },
  { "name": "RemoveLink" },
  { "name": "PeopleBlock" },
  { "name": "PeopleRepeat" },
  { "name": "PeopleAlert" },
  { "name": "PeoplePause" },
  { "name": "TransferCall" },
  { "name": "AddPhone" },
  { "name": "UnknownCall" },
  { "name": "NoteReply" },
  { "name": "NoteForward" },
  { "name": "NotePinned" },
  { "name": "RemoveOccurrence" },
  { "name": "Timeline" },
  { "name": "EditNote" },
  { "name": "CircleHalfFull" },
  { "name": "Room" },
  { "name": "Unsubscribe" },
  { "name": "Subscribe" },
  { "name": "RecurringTask" },
  { "name": "TaskManager" },
  { "name": "TaskManagerMirrored" },
  { "name": "Combine" },
  { "name": "Split" },
  { "name": "DoubleChevronUp" },
  { "name": "DoubleChevronLeft" },
  { "name": "DoubleChevronRight" },
  { "name": "Ascending" },
  { "name": "Descending" },
  { "name": "TextBox" },
  { "name": "TextField" },
  { "name": "NumberField" },
  { "name": "Dropdown" },
  { "name": "BookingsLogo" },
  { "name": "ClassNotebookLogo" },
  { "name": "DelveAnalyticsLogo" },
  { "name": "DocsLogo" },
  { "name": "Dynamics365Logo" },
  { "name": "DynamicSMBLogo" },
  { "name": "OfficeAssistantLogo" },
  { "name": "OfficeStoreLogo" },
  { "name": "OneNoteEduLogo" },
  { "name": "PlannerLogo" },
  { "name": "PowerApps" },
  { "name": "Suitcase" },
  { "name": "ProjectLogo" },
  { "name": "CaretLeft8" },
  { "name": "CaretRight8" },
  { "name": "CaretUp8" },
  { "name": "CaretDown8" },
  { "name": "CaretLeftSolid8" },
  { "name": "CaretRightSolid8" },
  { "name": "CaretUpSolid8" },
  { "name": "CaretDownSolid8" },
  { "name": "ClearFormatting" },
  { "name": "Superscript" },
  { "name": "Subscript" },
  { "name": "Strikethrough" },
  { "name": "SingleBookmark" },
  { "name": "DoubleChevronDown" },
  { "name": "ReplyAll" },
  { "name": "GoogleDriveLogo" },
  { "name": "Questionnaire" },
  { "name": "ReplyMirrored" },
  { "name": "ReplyAllMirrored" },
  { "name": "AddGroup" },
  { "name": "QuestionnaireMirrored" },
  { "name": "TemporaryUser" },
  { "name": "GroupedDescending" },
  { "name": "GroupedAscending" },
  { "name": "SortUp" },
  { "name": "SortDown" },
  { "name": "AwayStatus" },
  { "name": "SyncToPC" },
  { "name": "AustralianRules" },
  { "name": "DateTimeMirrored" },
  { "name": "DoubleChevronUp12" },
  { "name": "DoubleChevronDown12" },
  { "name": "DoubleChevronLeft12" },
  { "name": "DoubleChevronRight12" },
  { "name": "CalendarAgenda" },
  { "name": "AddEvent" },
  { "name": "AssetLibrary" },
  { "name": "DataConnectionLibrary" },
  { "name": "DocLibrary" },
  { "name": "FormLibrary" },
  { "name": "FormLibraryMirrored" },
  { "name": "ReportLibrary" },
  { "name": "ReportLibraryMirrored" },
  { "name": "ContactCard" },
  { "name": "CustomList" },
  { "name": "CustomListMirrored" },
  { "name": "IssueTracking" },
  { "name": "IssueTrackingMirrored" },
  { "name": "PictureLibrary" },
  { "name": "OfficeAddinsLogo" },
  { "name": "OfflineOneDriveParachute" },
  { "name": "OfflineOneDriveParachuteDisabled" },
  { "name": "LargeGrid" },
  { "name": "TriangleSolidUp12" },
  { "name": "TriangleSolidDown12" },
  { "name": "TriangleSolidLeft12" },
  { "name": "TriangleSolidRight12" },
  { "name": "TriangleUp12" },
  { "name": "TriangleDown12" },
  { "name": "TriangleLeft12" },
  { "name": "TriangleRight12" },
  { "name": "ArrowUpRight8" },
  { "name": "ArrowDownRight8" },
  { "name": "DocumentSet" },
  { "name": "DelveAnalytics" },
  { "name": "ArrowUpRightMirrored8" },
  { "name": "ArrowDownRightMirrored8" },
  { "name": "OneDriveAdd" },
  { "name": "Header2" },
  { "name": "Header3" },
  { "name": "Header4" },
  { "name": "MarketDown" },
  { "name": "CalendarWorkWeek" },
  { "name": "SidePanel" },
  { "name": "GlobeFavorite" },
  { "name": "CaretTopLeftSolid8" },
  { "name": "CaretTopRightSolid8" },
  { "name": "ViewAll2" },
  { "name": "DocumentReply" },
  { "name": "PlayerSettings" },
  { "name": "ReceiptForward" },
  { "name": "ReceiptReply" },
  { "name": "ReceiptCheck" },
  { "name": "Fax" },
  { "name": "RecurringEvent" },
  { "name": "ReplyAlt" },
  { "name": "ReplyAllAlt" },
  { "name": "EditStyle" },
  { "name": "EditMail" },
  { "name": "Lifesaver" },
  { "name": "LifesaverLock" },
  { "name": "InboxCheck" },
  { "name": "FolderSearch" },
  { "name": "CollapseMenu" },
  { "name": "ExpandMenu" },
  { "name": "Boards" },
  { "name": "SunAdd" },
  { "name": "SunQuestionMark" },
  { "name": "LandscapeOrientation" },
  { "name": "DocumentSearch" },
  { "name": "PublicCalendar" },
  { "name": "PublicContactCard" },
  { "name": "PublicEmail" },
  { "name": "PublicFolder" },
  { "name": "WordDocument" },
  { "name": "PowerPointDocument" },
  { "name": "ExcelDocument" },
  { "name": "GroupedList" },
  { "name": "ClassroomLogo" },
  { "name": "Sections" },
  { "name": "EditPhoto" },
  { "name": "Starburst" },
  { "name": "ShareiOS" },
  { "name": "AirTickets" },
  { "name": "PencilReply" },
  { "name": "Tiles2" },
  { "name": "SkypeCircleCheck" },
  { "name": "SkypeCircleClock" },
  { "name": "SkypeCircleMinus" },
  { "name": "SkypeCheck" },
  { "name": "SkypeClock" },
  { "name": "SkypeMinus" },
  { "name": "SkypeMessage" },
  { "name": "ClosedCaption" },
  { "name": "ATPLogo" },
  { "name": "OfficeFormLogo" },
  { "name": "RecycleBin" },
  { "name": "EmptyRecycleBin" },
  { "name": "Hide2" },
  { "name": "iOSAppStoreLogo" },
  { "name": "AndroidLogo" },
  { "name": "Breadcrumb" },
  { "name": "ClearFilter" },
  { "name": "Flow" },
  { "name": "PageCheckedOut" },
  { "name": "SetAction" },
  { "name": "PowerAppsLogo" },
  { "name": "PowerApps2Logo" },
  { "name": "FabricAssetLibrary" },
  { "name": "FabricDataConnectionLibrary" },
  { "name": "FabricDocLibrary" },
  { "name": "FabricFormLibrary" },
  { "name": "FabricFormLibraryMirrored" },
  { "name": "FabricReportLibrary" },
  { "name": "FabricReportLibraryMirrored" },
  { "name": "FabricPublicFolder" },
  { "name": "FabricFolderSearch" },
  { "name": "FabricMovetoFolder" },
  { "name": "FabricUnsyncFolder" },
  { "name": "FabricSyncFolder" },
  { "name": "FabricOpenFolderHorizontal" },
  { "name": "FabricFolder" },
  { "name": "FabricFolderFill" },
  { "name": "FabricNewFolder" },
  { "name": "FabricPictureLibrary" },
  { "name": "AddFavorite" },
  { "name": "AddFavoriteFill" },
  { "name": "BufferTimeBefore" },
  { "name": "BufferTimeAfter" },
  { "name": "BufferTimeBoth" },
  { "name": "PageCheckedin" },
  { "name": "CaretBottomLeftSolid8" },
  { "name": "CaretBottomRightSolid8" },
  { "name": "FolderHorizontal" },
  { "name": "MicrosoftStaffhubLogo" },
  { "name": "CaloriesAdd" },
  { "name": "BranchFork" },
  { "name": "SingleColumn" },
  { "name": "DoubleColumn" },
  { "name": "TripleColumn" },
  { "name": "ColumnLeftTwoThirds" },
  { "name": "ColumnRightTwoThirds" }
]
