{
  "items": [
     {
      "version": "2.6.1",
      "status": "Available",
      "icon": "CheckMark",
      "color": "green"
    },
     {
      "version": "2.6.0",
      "status": "Available",
      "icon": "CheckMark",
      "color": "green"
    },
    {
      "version": "2.5.0",
      "status": "Available",
      "icon": "CheckMark",
      "color": "green"
    },
     {
      "version": "2.4.1",
      "status": "Available",
      "icon": "CheckMark",
      "color": "green"
    },
    {
      "version": "2.4.0",
      "status": "Available",
      "icon": "CheckMark",
      "color": "green"
    },
    {
      "version": "2.3.0",
      "status": "Available",
      "icon": "CheckMark",
      "color": "green"
    },
    {
      "version": "2.2.0",
      "status": "Available",
      "icon": "CheckMark",
      "color": "green"
    },
    {
      "version": "2.1.0",
      "status": "Available",
      "icon": "CheckMark",
      "color": "green"
    },
    {
      "version": "2.0.1",
      "status": "Available",
      "icon": "CheckMark",
      "color": "green"
    },
    {
      "version": "1.2.1",
      "status": "Available",
      "icon": "CheckMark",
      "color": "green"
    },
    {
      "version": "1.1.3",
      "status": "Available",
      "icon": "CheckMark",
      "color": "green"
    },
    {
      "version": "1.1.2",
      "status": "Available",
      "icon": "CheckMark",
      "color": "green"
    },
    {
      "version": "1.1.1",
      "status": "Available",
      "icon": "CheckMark",
      "color": "green"
    },
    {
      "version": "1.0.0",
      "status": "Available",
      "icon": "CheckMark",
      "color": "green"
    }
  ]
}