{
  "items": [
    {
      "titleOne": "Info (Background)",
      "colorOne": "#f4f4f4",
      "titleTwo": "Info (Font and Border)",
      "colorTwo": "#107c10",
      "fontClass": "ms-fontColor-info",
      "bgClass": "ms-bgColor-info",
      "borderClass": "ms-borderColor-info"
    },
    {
      "titleOne": "Success (Background)",
      "colorOne": "#dff6dd",
      "titleTwo": "Success (Font and Border)",
      "colorTwo": "#107c10",
      "fontClass": "ms-fontColor-success",
      "bgClass": "ms-bgColor-success",
      "borderClass": "ms-borderColor-success"
    },
    {
      "titleOne": "Alert (Background)",
      "colorOne": "#fed9cc",
      "titleTwo": "Alert (Font and Border)",
      "colorTwo": "#d83b01",
      "fontClass": "ms-fontColor-alert",
      "bgClass": "ms-bgColor-alert",
      "borderClass": "ms-borderColor-alert",
      "secondBgClass": "ms-bgColor-alert",
      "thirdBgClass": "ms-bgColor-alert"
    },
    {
      "titleOne": "Error (Background)",
      "colorOne": "#fde7e9",
      "titleTwo": "Error (Font and Border)",
      "colorTwo": "#a80000",
      "fontClass": "ms-fontColor-error",
      "bgClass": "ms-bgColor-error",
      "borderClass": "ms-borderColor-error",
      "secondBgClass": "ms-bgColor-error",
      "thirdBgClass": "ms-bgColor-error"
    }
  ]
}