{
  "items": [
    {
      "class": "ms-hiddenSm",
      "SM": true
    },
    {
      "class": "ms-hiddenMd",
      "MD": true
    },
    {
      "class": "ms-hiddenMdDown",
      "SM": true,
      "MD": true
    },
    {
      "class": "ms-hiddenMdUp",
      "MD": true,
      "LG": true,
      "XL": true,
      "XXL": true,
      "XXXL": true
    },
    {
      "class": "ms-hiddenLg",
      "LG": true
    },
    {
      "class": "ms-hiddenLgDown",
      "SM": true,
      "MD": true,
      "LG": true
    },
    {
      "class": "ms-hiddenLgUp",
      "LG": true,
      "XL": true,
      "XXL": true,
      "XXXL": true
    },
    {
      "class": "ms-hiddenXl",
      "XL": true
    },
    {
      "class": "ms-hiddenXlDown",
      "SM": true,
      "MD": true,
      "LG": true,
      "XL": true
    },
    {
      "class": "ms-hiddenXlUp",
      "XL": true,
      "XXL": true,
      "XXXL": true
    },
    {
      "class": "ms-hiddenXxl",
      "XXL": true
    },
    {
      "class": "ms-hiddenXxlDown",
      "SM": true,
      "MD": true,
      "LG": true,
      "XL": true,
      "XXL": true
    },
    {
      "class": "ms-hiddenXxlUp",
      "XXL": true,
      "XXXL": true
    },
    {
      "class": "ms-hiddenXxxl",
      "XXXL": true
    }
  ]
}